2.38439835659,4.13843300855,-6.84400648048
0.134003477927,5.73897278304,-3.37437052182
0.929857731843,4.52095803921,-7.66622203417
2.73031300724,0.12282140381,-0.100928508255
2.37673573244,6.59112940435,1.61216039911
-4.31893820277,-0.416156755235,-1.15667040316
-7.87103066812,3.69454292771,-2.66524319953
0.362968017889,-7.85360594062,2.164414294
-2.09361240598,3.18755648845,5.62586436093
-0.567670894397,5.73269349307,-1.58136665833
3.40068118749,6.03512741125,-2.85791618684
3.49957073476,-1.21695012297,8.77797008877
-2.88058393559,6.49884706844,-2.20856796133
3.95893143985,-2.00707106053,5.16792585023
7.54869345729,-0.220849880092,-0.311795012324
-6.18352008962,3.47949294393,-2.8704939504
-0.221824730495,-5.52202500549,8.04197213377
4.87176561754,4.84135003715,5.69421098323
1.12763810965,1.09410959562,9.79077028213
-0.0751489869888,-1.38402765233,-8.16275983312
5.63098756969,-5.34586462538,0.414483864403
-3.46755667197,-0.246621013971,3.35060464476
2.84595799962,6.6751778483,-1.94912016826
3.98388856927,5.26579723327,6.79995325016
-3.69946256598,3.77031853922,-1.12255337255
0.699889219169,-4.04258974417,6.74848571646
1.86946287477,2.18523660974,2.51686293809
-5.55364152674,-4.89514337479,-3.293023365
4.46495723636,2.41263838935,-2.40462326788
2.41309318865,9.68428137528,0.483331273446
2.24269736414,3.69579936095,1.05922575493
5.21766559436,-3.35423000463,-4.13331266001
8.23461928411,2.73047266578,-1.84157044961
5.60852553639,3.71501217046,5.06259450445
8.3202157462,-1.94837017237,4.8236284737
-3.11616422218,-3.20257974734,3.4161888655
-3.23376040678,1.32134101288,-8.92828645276
-3.40798875728,4.74577493893,-8.0776105185
3.91900985207,-6.73734124005,1.89428583591
-3.74167793643,-0.294569760788,9.25457122549
1.96757645932,2.56914765036,-5.50631899488
-4.14790630011,3.90654613166,0.901860631321
0.399731589435,5.34867203098,-4.16518717242
4.89585506425,3.168619635,-7.67774382956
8.67778556742,-4.51571399997,-1.94663670683
1.30993624872,1.10624762244,0.21131209064
-0.601500418944,-4.72879219303,0.628003604544
-4.55085852288,8.52827205404,-2.09141388215
-1.62717265084,-0.325463969016,3.29843846364
8.25446884316,-1.06773366099,-3.5129262609
-9.42191441292,0.983444599044,3.14432734233
-2.68660908374,4.2698969037,-3.57497669411
-1.32149684051,-3.7283686002,2.36276294568
-7.32216920063,-3.0880801009,4.17460599371
2.61158722912,0.458625493583,-4.52437328973
7.551888269,1.79752560137,4.13771403837
0.765819378704,-7.25111967069,-1.96278786634
-5.97753012021,4.91916582668,1.73353460522
-1.49404186171,-2.04815496406,-9.06535711769
1.48373777795,4.63500561644,5.39265298494
-3.60710870948,3.56006307397,-0.592605515791
-2.7137884042,-3.54595471005,-5.26368590188
0.116391170625,1.93817285991,-4.24701299755
-1.27857054211,-8.56004085165,0.125091187402
-5.2141100033,-0.574718577806,7.29323101421
-6.68323888588,-0.0729728778675,3.68479112694
2.67945570324,-0.679855650451,-4.47234239171
4.67508474019,2.74681422568,-4.88250056778
-5.0409993957,6.53562327655,-4.85970495317
-1.94877949581,-2.050327709,-4.03742181979
2.52070371488,-3.84781513892,-8.07362099488
-7.06346495268,-4.78115329293,4.99508394736
1.07780370013,-5.41492175023,-3.30462836325
-2.86203649414,-1.41872018585,-1.4748770775
-0.820225948953,0.304171016861,-8.17862782512
0.0809519034336,-4.13240326602,-6.78378380114
-2.38734775852,4.90675374744,3.45535391321
9.61383024203,-1.60562410261,-1.39908854983
-1.30042042756,-4.07950000168,0.393976690535
-3.8826598456,-7.0770556482,0.528317271317
4.80114988074,6.78483093603,2.9848458833
-0.0539034555391,-6.55161110623,5.45000662395
-0.794178626894,-5.05043891264,6.94364299158
-6.96538549241,-5.73770787693,-0.589893721804
8.35209666602,-2.86832634017,1.39476494875
-6.00677133556,1.09136577806,1.49557146016
2.193313018,5.4654035887,2.58067745826
1.59512977954,5.67223699202,-7.81518936701
5.05561897042,3.82247238816,5.90730403036
7.50534136677,4.87333024537,2.50972599439
-7.98935642317,3.76357464559,-4.13209941393
-2.0033516272,-7.57533420818,4.97930807181
0.213107205834,1.37049689439,4.70189438124
-1.62910649053,-0.198333203013,-7.3430162772
-2.71113229041,-1.3575865178,-1.33119594757
-6.12181030946,6.64110615433,1.37412002832
-0.868145291748,2.24615372734,4.5797900841
0.620284169991,-5.60448764876,-3.28459407381
6.19278758165,-3.25000154549,6.05567181768
5.8989944163,-3.00025542868,7.29733481753
-9.41408985112,3.01567376239,1.17885599436
-0.175856183631,-1.64309169658,-6.77998652688
2.97806143088,-8.40246495947,2.93299479976
-0.903844816536,-5.99096823735,-1.67127151289
-2.97073344232,6.30890314784,3.5370170584
-1.99321937967,-0.501680753856,-6.38184798015
-1.5665800184,-4.74594952573,-5.03593151094
-2.16538657075,-0.259144036321,7.9740262495
1.57737754606,-3.45944372999,4.19486672692
-1.96867275801,-2.23747691856,1.90267721079
6.7601074297,-6.4233828154,-1.56501409236
4.18290838346,-3.01988618969,0.942262727384
7.8219187897,-2.40763828112,4.42466425166
-7.43554922728,-2.29654813415,-2.25345488679
7.98438718087,4.32650640074,2.73382376529
-1.57891230194,-1.87186722509,0.12409270396
-2.23329370778,4.59555668736,-6.96730494464
-3.76456109997,1.60300263242,-4.32791055183
-7.44813266581,0.024786098773,4.5620052033
-4.44688524967,1.3975150391,7.93082051063
1.61604904872,-0.297147560944,2.77307440752
4.872763746,0.630879748988,3.10711234016
-0.76554285655,-0.710812427113,8.7654477672
-5.27865663983,0.927254573166,7.08548320773
-1.81190181275,-1.03149016294,2.21346765046
2.5446721756,-4.41759700693,-1.57137287304
3.08644523208,-2.80469005157,4.08595682979
0.930433715154,-3.75155548514,-2.74652748452
-0.0552711073824,-5.88866163041,6.7902802814
0.0184223124609,-6.49106301901,-6.50192625366
0.381878303406,3.29651396755,7.7231963603
-6.41093065332,0.0794681374922,0.674680711703
-4.41113178955,-1.98889752296,-5.82114550504
0.167605088112,2.05240779002,-6.58983435284
-1.64147375173,-3.73675771143,-0.0632889612789
2.64310354525,0.621101555629,-2.22092194076
-2.76781639681,-0.992303877405,3.369115523
-1.19345920597,2.13336923854,-5.16965140052
0.529148745154,5.85563975486,0.270867117736
-3.22706318853,-0.0749165829003,-0.848398041404
-4.27605904967,2.38716287423,5.3452263515
-5.05673236217,1.16629033851,3.91597187281
6.70429361458,-6.04363122426,-2.43461362028
3.55271603767,6.58646782219,-6.00046109998
-9.18986116381,-0.258577202666,-3.07060795604
7.01633915293,0.0404362830176,6.52240940565
1.16473587626,5.61948159338,2.66374312136
0.951972025587,4.04694551583,-4.59824486164
7.31386463592,-3.89745287478,4.30562471154
-5.40907599975,5.22841566909,-3.56141641786
3.0404812976,-5.56829006356,-4.46210537534
8.39020906298,2.61071748483,3.80836184966
5.86326270297,4.14056345423,0.715626162241
4.2822719315,4.73509444518,1.60769379265
-5.54903827016,6.11432218915,1.11265547805
-5.48598135479,3.56487585249,3.80605917106
-2.88759318387,-2.09488711956,0.675331221052
5.8385605944,-7.209239399,0.311567222486
1.40247727102,4.62383776817,-4.9756088307
-6.2932671844,4.31294048349,-2.43974479399
5.56344808854,5.19632046298,-3.10594557299
3.57156412679,-1.68709624596,2.40186686176
2.48568342521,3.71620030658,3.83429212184
-0.626930064772,6.46590068327,0.533975800164
2.85155248808,-3.02897968436,-2.3271636955
0.81879083886,4.21928736741,4.20927017345
3.6361871629,8.7501056049,2.13883324519
-0.65951541747,6.29776560035,3.48127912101
1.03161443152,8.53038228935,-3.39083752225
1.17051938903,6.58691070263,4.42275932254
3.3728741854,8.02494693417,-4.46321020037
4.48987943408,-3.27733766094,0.629030561669
-3.26002780367,6.36418715186,0.142765393985
2.49432790817,4.9520913562,2.93620595861
5.76648113439,7.34410343388,2.65037980101
4.60048823692,3.82676078297,4.08900213769
-5.66374807284,-2.2200047039,-3.7758190521
3.50857128461,-5.07295871745,7.03473975292
0.714841118743,0.99093403123,-7.73711689734
3.62882418946,8.59346690673,-3.01070673257
1.477907034,7.47504773814,-6.28672025212
-0.444109140344,4.72857260426,3.12048004253
-7.55667214922,-4.47509594968,4.02730356825
-3.52558211158,-1.32558791388,-3.15197637544
-0.133581363764,-7.50068161615,-4.56604417276
-0.883722184009,2.55775049808,-8.16593643967
3.15632474706,-8.07652548206,-0.0619760133317
3.25571736572,-8.34631003703,4.34011452363
-4.06844389106,-3.15039870226,-2.12655838765
-1.14432680477,5.85866509741,-3.73235253719
0.676985027447,-2.53101127837,-5.91496853171
0.289321386448,6.80836994408,1.84747446053
0.139149492975,-0.196200123055,3.27682377952
4.96206749059,-2.64205290878,-0.536033825478
-6.43789123297,-1.16831158259,-3.36697590111
-3.41848497933,-8.88883315433,-2.82342222239
-7.05464771174,5.59441892182,1.37641733129
4.1294999983,1.66579491504,-8.12265714846
6.87683398698,-1.12946131921,-3.3712671254
0.596286152055,5.21202401236,-3.81492199611
0.178371909143,-8.92396371475,1.73072844274
-7.80084047298,2.95304860398,-2.65373915541
-4.32147334999,1.24117078629,-0.907566306298
-7.80156099453,-0.208212824294,-4.0123434956
-2.39951566068,-1.41834858944,6.34102599467
-1.52558107434,-2.89650994951,1.52359991722
3.36411772332,9.02958015459,0.0748465847741
3.2176410294,-7.89398849884,2.13390509535
5.15668716072,7.32269514371,-0.0254544872616
-5.67435190642,-1.10710608024,6.96513612279
-5.44856512848,2.74858269616,-0.579337761849
1.72199478477,-3.43175915567,-1.15700712553
-3.5556568379,1.07876095694,-6.52957104705
-7.06760755929,-1.02788263409,0.388293858224
-2.97880853514,-7.63115055785,-3.9594406236
4.33762845885,0.187802406204,-5.47663519254
-0.645296809979,6.13538640547,5.14226998413
-6.02838676309,2.39580713735,-4.31874350435
-4.6967815233,7.49273174379,3.21786764173
0.587734453594,-9.56307100189,-0.31102120889
-2.60868065726,7.54162555194,0.464259498636
0.177479666373,3.82740000877,8.95597223565
-0.100836803431,-9.41118304685,-1.29225589797
-2.09227904462,7.50662241568,1.44736676688
-0.146301367525,9.12129778242,-1.50309129176
-1.78974423936,2.30615409335,-5.86600501664
-3.13629891891,-3.72804522447,4.09276314025
4.37919899427,-7.97836478669,2.05933245771
-1.25678129727,8.522770874,3.50596605817
-2.57514147724,5.38666982767,5.67764816382
-3.7009323009,-2.56207658279,6.33233666529
-0.0765879482264,7.01302244782,1.64372133362
6.74903253271,2.3642019534,1.11739749684
-2.42468220842,-1.25584426804,-1.93454515059
5.69016841324,4.06150169075,6.51572612186
-2.46903545702,-7.55328646631,-3.80031083487
-3.66274772909,-1.54094227724,-4.86741723696
-6.1297649354,0.665884564149,-7.75648110029
-7.26994788084,-0.813638992104,3.37977471689
-3.92791302922,0.00904665340448,-3.59790294624
-3.497137694,5.49467535154,0.0756461786976
3.86953147928,-2.86867596123,-4.52926391678
6.15885890936,-2.72711651728,-2.18932605688
-4.70141144568,1.56394047709,3.96020570134
-0.324536174293,-0.918797703914,5.97265294594
5.21087080028,-0.0446515087789,6.10629337621
-0.514966955492,6.21503612863,-6.53270673955
1.69804208934,-3.46512931776,2.26685172388
1.20776437621,2.15807843852,-2.12884784397
-4.20061757446,2.60653505474,-3.72489513183
5.25088630024,-3.91611289783,3.26514493315
-0.225821349813,3.14191254286,8.84225358132
5.13836989098,-7.05405676347,-4.73527830189
-0.153662366679,5.49159820414,-1.73790917793
3.71076956711,-5.87764352971,-4.99468203262
3.16821376775,0.727890032684,-7.03422629664
0.456463308752,-2.93863979571,-3.07414499162
6.15428923384,0.660571348329,1.59337407066
0.576450184861,6.20930809798,-4.7009899559
-6.47779338414,2.14137429327,4.35670047548
-0.69019340305,-9.69257976778,-1.50660623754
-8.05842219617,0.307876106646,0.552835093112
-0.708505866133,-3.08168286518,5.90067252084
7.35054513435,0.851498472512,4.05861846801
-1.25821553087,-5.71566351748,5.30222464549
-1.47424913395,4.93896856718,-2.76870500881
-4.6595376961,-2.6647739073,-7.62499215871
3.92822622695,-2.64140876797,-5.39041129159
-7.6899515581,-3.98539549402,-1.97444624677
-6.80223849443,5.89822353815,-0.37818269776
0.205738077902,1.76048501232,-8.66618920122
8.53395425055,4.40364761067,1.46050545828
5.70211640609,3.59263478137,5.97278982479
-1.46751786705,-1.85610927933,-8.70185269124
3.76218637223,-2.67322681213,-3.09364909427
-2.21657142502,-3.32667408772,0.164243998998
3.2962614927,1.36660985364,1.69656589812
3.61105073614,2.09780298635,8.29681996294
-1.26280031802,-7.50443211708,3.70645886693
-6.27264129952,-0.951421152359,0.391411229025
2.37585895954,2.68073302216,-8.18264307014
-6.79731073068,-3.15727584144,5.70328240319
-4.98413189258,4.74726362911,6.4979184485
-0.849417605575,-1.99684831788,4.61597919207
5.73768409159,4.25387647777,1.76780932246
5.95734125938,6.94627043544,2.5046537497
3.93370959484,-6.03932819752,-3.58307286547
-8.26291382489,0.917313153478,-3.66693838172
1.89339136055,4.86273840034,-8.42062448408
-1.71980136233,1.05429474353,-9.16146938853
1.77799283111,8.85780240869,-1.98449479375
-7.18656520775,-1.04189208347,-2.15389800568
-0.787705737933,4.25827070381,3.54244096243
-4.9456353174,3.90224429052,-2.70773659234
3.60437216992,1.52086919664,-1.18440856203
-5.67574126036,-5.45878452004,3.24970598594
-0.578891581645,8.50311003964,4.7881237645
-2.7259774938,4.61856962206,-7.7907726329
1.16872894742,-1.70538570978,1.06879216587
4.3618777585,-5.38953039418,-6.44508483257
-8.42532575139,-3.47236283584,1.84469936511
-6.77065526275,-1.61457290335,-1.28972580238
-1.37323866939,4.53894701525,4.05659702512
-3.36534275873,6.975935645,-5.71616832857
2.24625499266,-2.20434599088,-1.48724532803
-6.8311159899,-4.16156231995,-1.57811804269
2.95075131057,0.550570534619,0.936509778881
-1.8271842663,-3.01569567281,3.40645528173
1.21863945111,-6.69997282476,5.43530756175
-6.71596699808,0.564684559074,2.3385177966
-5.7179470074,-5.61506968334,-2.01042591079
-2.76361597565,-0.514044461382,9.14598473184
0.0975649671752,6.34491034755,-5.1408966749
-6.32018150851,0.291537979867,-4.6166564681
-0.0793326667097,-3.49477585702,-7.27577567463
4.14867562897,2.36525523996,-2.19033823832
6.07728102599,-6.01144907136,-3.00154367634
-9.42300459004,-1.43734159545,-0.108226223498
1.63351403389,-3.69644504126,3.84617600014
-0.760080884235,1.32500888884,2.44964239912
4.53271904325,-5.10486116584,0.614835949158
-5.10979927181,1.45449280848,-3.26180055553
2.29485377777,-4.09074697166,2.19951523416
-2.85551321119,5.06135851546,-5.73622715754
6.09061063235,0.859460120199,2.64625061723
6.40641604776,-0.122212548394,-4.9608483216
-2.16282989366,1.29533868586,0.621887218258
-0.2189977489,0.616550749502,-9.61975856528
-1.82212114785,-2.09682438415,1.92510254717
-4.50583829779,-3.70546344299,-5.09263262123
-3.66867426436,4.71474130809,-5.89478296509
-5.29278154209,-3.56841620746,-4.76973826447
-1.9766999683,8.08892090517,-0.741304523981
6.36154038318,-2.15655737208,-6.67952353301
-4.01617349051,6.277028668,-5.41466030608
3.55995398396,8.68561190944,1.65296462739
-5.59516316515,-4.48276997463,6.02407508382
-2.5497612584,-8.84295279175,-0.830293794556
4.66374115924,6.96549690334,1.71453582747
3.26685689242,-6.7521118292,1.77760458694
2.45834077499,-1.53459822426,0.406056402927
-6.12808619232,1.85093139625,-5.00436848461
-1.69821567119,-1.19574638426,-1.52476159859
0.414842683779,-3.89463604199,-6.97542405335
-4.07078587419,-2.17165191592,5.44208599629
5.47366561309,6.98061858431,0.787123741008
-3.99758816358,7.31960715836,1.17128359517
7.93217538415,-0.725284286221,-5.13850109306
-6.08875448799,-3.53754819868,-5.67426473074
-2.62008482,-4.62963222784,-2.61801939262
-2.78763387156,-6.1078344218,0.695468567661
-3.2483082998,6.44516389294,-1.1119614262
-6.47744543689,-7.2969641085,-2.00312018792
-8.59091019307,-3.2167014593,3.51453328078
-0.662091708836,1.42489639717,-0.0562514962884
-0.99945173781,8.89976245383,2.20445665345
-0.165725281498,-4.63170701954,-0.989709199734
1.20111703864,2.79726079201,-0.061570596835
8.44794582037,0.452818846357,-3.76034865629
5.18123042502,-0.268600865148,-8.39075368498
2.95620000506,-0.102092630089,-8.56648740104
-6.69723824092,4.44560458088,-5.77814039173
7.12928944129,0.392986552835,6.28227646444
2.56235920324,-3.936597706,1.99049593842
5.96301455976,6.19851101524,-0.395772389138
-0.453658771792,7.23577380817,6.3946606026
-4.55876075685,4.34009315818,-3.16604425332
6.50013353637,5.3638763012,-3.61129930384
0.420759781333,5.3666276155,-1.37009556535
-0.534246004747,-0.492614869142,-2.62658478574
-2.35056103258,6.76813703889,6.53529174743
-2.2552165572,-6.10956523406,-5.58809470381
7.3345211269,4.00501681449,5.29241864309
6.91716764643,2.90825395981,-3.37111871642
3.20031601248,5.7906313477,-0.818458451258
-0.79461667783,-6.24167864609,-0.433029437102
0.435952449519,2.76564965283,-4.26325592944
2.68903215529,6.90134849346,-5.97942279364
-2.76654377515,2.82703105084,-8.36757513673
0.815136569817,-2.54583538191,-3.1325216853
-6.13583428134,-0.306086502211,-0.195148194934
-3.19470255044,-1.65008786648,-4.65320384993
-4.26797803787,-1.06074868505,2.12881694192
-1.74430199978,-3.85227375964,0.716827577061
5.17846129245,1.58406029135,-3.00727462212
6.99426297882,4.8112638458,5.19914491628
-3.525498326,2.21936542513,1.14677060889
-9.68114571998,0.0110522039079,-1.0389329346
-8.58735490829,-4.24398509627,1.19039115018
-4.22516300926,-2.43664765928,-4.68247351248
4.5391546436,-2.23252966748,1.89497705609
-1.61587261053,-5.92675471137,-2.96980992149
4.50060954586,3.28652499544,-5.06872925449
-3.43565289332,-5.7648744918,1.76159863416
-1.75424263277,-1.28743976787,-6.99771281671
-0.0726399606939,0.77277000897,1.10360295452
-9.14937133602,1.28090934751,-1.6164414057
7.10067258421,-4.07505649235,3.59451561501
3.91861400384,-1.59621310082,-2.98647437231
1.99235294105,-3.39912986584,2.97526449566
0.762393719629,2.46633498323,4.86152240329
6.28947950174,3.14243443671,-0.371135330302
-2.59615337139,-0.470325381152,8.64401654928
0.494404603747,-5.2437779617,3.82262315459
3.51664257803,5.15247747924,-3.4291595258
-3.20651485558,-4.4237970115,-3.6310592081
-4.25590043762,-4.8977037808,-3.94026241683
-3.83554491053,3.66806147827,3.38307456611
6.78834923305,2.76326417172,4.43957624869
-5.41296139066,-3.25012870874,3.36325688313
6.35028445591,1.59529186125,5.69951627286
0.812087644578,0.228813572173,1.81476325277
3.08231908675,8.74153658512,3.62139004491
-2.28912254926,-2.08178745233,2.82671709719
9.02111314928,-0.499727827288,-2.11369650207
-2.52043764547,4.59880787231,-1.00858169984
2.52939408248,-6.39165059266,4.2055106676
3.3378746008,6.45871050523,-3.76062900292
1.86731367206,1.76717111449,8.94540645656
4.08794857874,1.62640595773,4.94089138625
7.43838026604,-1.25649131954,3.29872394184
-3.63797058161,-0.386400408865,-0.187977049393
0.829018594089,5.06359407507,3.03196348278
2.38551408226,-1.25472591,-2.38831062036
-0.628118363207,-4.69574361015,3.75530057871
-5.94009132239,-2.79768581918,-3.16799076861
6.96644100648,-1.64433193579,6.77072005258
-0.757972167016,6.19991616041,-7.41851214701
0.57870051097,-2.74449843587,-5.51015533609
-3.71815404782,2.72059335318,-5.99067136218
-1.16475527638,-6.54578773187,2.4056267205
-3.02998847873,1.22846729182,-6.86135469899
-6.7366668726,-0.598788540342,4.4933591238
4.97819453866,-7.24210672973,1.165872452
-0.384591870608,0.0662571021101,5.11856879347
2.73303655959,8.122853461,4.47715187664
-0.113304231553,-1.1567180462,3.19407507984
0.122500410756,-6.87111575667,-3.78519059043
-9.22292462681,-0.240289846277,3.48966795523
-5.969916394,-3.03507641556,5.3526324486
-1.71936477415,-0.244556035954,-8.57310736657
-3.0640158066,-3.76366172566,-4.15361293531
0.0423558686498,-4.77638457893,-6.62007453052
3.19275866005,1.30226216171,0.360125397212
-2.48209347261,1.5612025428,8.68847619192
-4.2886933013,-5.76634595706,-3.10681418446
-1.44063734289,1.00510625463,4.5351305335
1.56820007694,-1.99283151226,-6.84427045864
-2.03282474039,2.96465147207,-8.71950874956
-7.42285218605,3.33740883889,-3.99009621612
5.10859533988,-3.15689082192,-7.80212790076
-0.0715426563518,5.71937282603,8.20083650592
3.13076677128,1.41696943471,-2.90754951624
3.0319175053,6.87490500511,-1.45514888437
1.70098751909,6.0288642966,1.90375725622
-5.10744229497,-0.0640790294216,0.361098211829
-3.8081175343,-0.808885829176,0.872131312162
-4.16989703046,-0.517925716952,-4.4218982349
-4.2971325893,-1.81226409742,-2.93649338648
-3.39505854229,-1.06553802594,-2.90920972605
7.96204457177,-4.37275962453,-0.86186940409
-2.29451751886,1.9156333433,3.77570362364
2.13854400844,-4.38581598313,-4.98610159034
-5.21383768117,-0.878725839946,3.06320361569
6.70159185388,-5.6581154367,-1.31578297694
7.03958732426,2.92923692378,-3.1345003809
-6.84817899737,-1.99366871746,-6.67109427139
-6.37230200283,4.28352570752,-2.3293568038
-4.63983134878,6.14178845988,0.131719016903
-4.05167624028,4.40667792334,0.0188512385483
3.54173749417,5.67670131227,3.11640314538
2.24439074385,-6.95686678058,2.02136009194
-8.7322008843,-1.60571105268,-2.9739059428
2.35271367657,4.85430796453,6.49379758681
3.23604043376,0.188100107393,0.536945841758
1.55797027336,8.27644878538,3.46741112508
1.85426812652,7.92204102036,-0.212533253641
-4.48265338058,1.27999937273,-8.78122896871
6.42847008955,2.62928119695,-2.25029410842
6.16225163234,-1.08603038273,5.07885667517
-5.57777521619,5.82573965686,-0.43713543406
-4.99712659628,1.17717912471,-0.71357116675
-6.01378619982,-3.96467234257,-1.06614597972
-1.63903159899,-0.827768306642,-8.6406401341
-0.178527878775,2.73426474063,-0.233881042983
1.52969997331,-0.583940810822,-4.42856214064
1.33855934084,-6.83026683364,5.44249437168
-6.63144155906,0.551812417625,1.99331366759
-4.61571764353,-5.24383088475,-3.77483232105
7.16110771909,5.58698838611,3.02431767574
5.06672141339,-4.63249047699,1.03078874072
-1.97012090832,5.75872618897,0.00562952971091
6.83604688981,4.92380804143,-3.89884326852
3.05773886055,2.34178890499,4.39838995075
6.5464837884,0.991197357908,5.71851551747
-4.80178884897,3.50463871951,-2.10999614383
1.3481517344,3.21478183119,3.05679411344
-6.89951499314,-4.49439447823,-1.16672194416
6.65598479188,-4.2999033508,5.94781246981
1.41055272373,-6.80157850435,-1.23328904199
-1.27188753257,-4.03026147937,-4.61188133007
-0.894922509194,-2.53835089037,0.844921832887
5.16001496902,5.31464518531,2.83411173451
7.20189273784,-2.99878508494,-1.6470380612
-1.04259124859,-0.151752218466,7.57466534391
-4.8978145985,-3.95676892204,4.45706971955
4.97938367098,1.26774933116,0.778544597059
4.91941283872,4.75748685727,-0.928873369857
-0.682453836774,6.31697675627,0.473270597421
9.51106826675,0.0764682261989,1.54928637577
-0.357772751856,3.70623855737,-1.82915433124
-1.7615139348,3.01363736713,8.27668769523
-3.14976902891,3.23843936027,-1.92130790915
-3.17668623947,7.55510090789,5.42777898151
5.25887996857,0.924623691152,-0.239447523177
5.56670627234,-3.90660032465,6.81411136245
4.96332299511,-2.43745171365,-6.22204232095
-2.36288039685,-2.17166291048,1.55729788426
-4.9355116804,-1.04324926212,0.485559997511
4.00431985688,-3.81862651036,-3.13223314154
5.83293490103,3.40735753775,6.188457307
5.22308527148,-3.0179026386,1.79271434152
4.23386175041,-1.03660076811,-5.88293426129
-3.55198867301,-5.39335548158,7.04277469085
-4.57754253125,6.09952057637,-3.00906785975
-2.52620037453,5.88072220591,5.26554307773
-7.65247691424,2.11253391234,3.37056272911
-3.12337747099,1.70739019197,3.11613400573
-3.65168502824,2.99068294547,8.27687622531
-3.11824861395,-6.09383979979,-4.90058165843
0.859018586505,-3.70142870521,0.651460723967
4.09667755353,-3.37145708292,3.7695353612
-0.488640326787,1.50434010856,5.30096733637
-3.38650792784,-1.94995696569,-6.53348646184
-6.63957446095,-5.45949423096,0.475937435136
-2.68291923788,4.10694766746,-7.71607572488
-1.93376114611,-5.56976740437,1.26360190164
3.01300659371,-1.29625405762,6.41194469743
-2.34076662504,-1.44461550527,0.837213655959
2.97655672827,5.90151327095,2.33320999835
-3.68840593951,-0.878752413743,-1.95399444979
-0.829839381163,7.49698935704,-5.97317973829
4.16170505663,-4.30823569549,4.74117471029
-4.12237714761,-4.7044590891,-4.6237523976
-2.04786195904,-5.01281003811,4.39300176857
3.82755162129,0.564737460422,-0.0788881394741
-9.70420221811,0.787563262102,0.826584935702
1.54732768013,-4.58272982386,5.29393735398
-0.0772937022568,3.24120611059,-7.13667484216
0.93374109731,-5.62624542673,-1.74438001327
1.98058409515,4.76649944557,-6.62301652266
7.68952748724,-5.14953041531,-0.686186205401
5.11610162681,-8.07520552822,-1.7048361043
-3.72811213416,7.96961793016,-4.576830006
-0.140853681676,-2.13887220371,-0.736549693374
-3.63114582825,3.97362153452,-0.982464562394
-4.47610066559,6.83297354439,3.09329989173
4.40880508064,-4.26591585439,6.23422552535
-8.56837973773,-2.1568410102,-3.12417115051
3.50610351782,2.64061961861,6.13534218357
4.34714444333,-4.68652636195,-3.07158870968
-9.33985079468,-0.440177872668,-1.06187360076
2.2831093435,1.34612383909,6.79694733693
0.484386769035,-0.778633261072,0.864704837378
-7.25175679321,1.85469499681,-1.5820859723
-7.46747342667,5.192074137,-2.83959499959
-8.55182927389,1.23946606102,0.972964669085
-3.11973492722,0.47155518431,4.5186353796
2.46212832501,4.94008199142,-5.89784080567
-3.98849680369,3.72906346993,-1.5269975838
-3.69317218305,0.382010250346,-4.58706960001
-1.15979528491,-6.5553029549,-5.18595229947
-0.94069811046,-0.0159345109494,-3.94945492261
-3.42358103875,-5.94529337146,3.13961928028
5.13975153449,-6.31959412018,1.1513726075
4.14965411698,-0.054910014205,-1.57996730733
-5.00361158858,-3.46041802461,6.84427109381
-1.9236989633,-1.62856164927,0.738204664232
-3.12489610691,-1.19760775414,4.9562135705
-0.661512834917,1.13186271028,7.89862485038
2.51502312809,2.47119884895,-8.477328056
3.46906967699,4.2578342565,-2.40124515304
-3.14214050497,2.10682918316,-5.39642113551
-6.65777766563,-3.11341490532,-0.885128133906
3.30362296601,-3.0032439107,1.73678742568
-3.17480438506,2.87039116321,-6.0249384205
-3.22980534458,-5.95126738262,-2.63919929087
-2.21409727816,3.78948669268,-0.53086899305
-8.5483396666,-0.0259347498569,3.31946811952
1.91655255434,0.978139689323,6.60410531671
1.42075273588,-6.25687209603,-6.62067524747
1.97316374583,3.17088769021,-8.47570729333
0.862845410348,-2.08215568017,-2.16556427268
5.04641563227,-1.15306151652,4.32634491767
6.42556705752,-4.2219804468,0.253534046968
-2.12922932981,4.66210328144,-2.70953497873
0.978975396772,4.22346729525,-6.75498140735
7.49994562311,6.03604983443,-0.790663672502
-5.54161661442,-0.409900198095,4.98433974314
5.28184679657,2.4358794158,-6.7962579838
-4.16117214001,-0.587800771208,-3.01598342594
0.29772481841,4.61652097012,-4.81258804513
1.93097155245,-2.32855863504,-2.05129567044
-6.33482843963,1.74227715282,5.93612794615
2.3315551583,-0.54101538055,3.63108932687
-6.4491978202,3.93983003066,-4.82249015078
2.34326711615,-0.0731736036511,4.8786057319
1.49177492664,0.314999760325,-6.36093320972
8.4255438073,0.831871365689,4.84674512254
7.53582276697,4.37454678633,-4.25968232014
3.17652553885,1.86823493597,6.92528771798
-6.43195210475,-4.35388674688,3.33553727467
6.08732847698,1.22720427789,-6.39677274618
-0.568970723931,3.11810590772,8.4695278761
4.8903691983,-4.95423806476,-3.21258115302
-4.76577991966,7.48936341618,3.71378154251
2.05566558168,-1.2861709597,6.99707319729
5.28144897707,3.04106293195,-7.5744193925
7.08505914631,4.12588063007,-3.52358148524
3.23862067253,-8.7396398906,3.25797560188
0.788280939537,1.45297872183,0.912647542313
-3.78150738574,1.03531380911,-4.35960851703
5.58777235582,-3.77295389823,-3.56078176729
-6.67745177126,-6.29969294549,3.66252532345
9.32523683738,1.56080202445,-1.70494101848
-5.85078999613,5.94400137957,4.28976957785
-6.98219050708,4.04246228813,1.58151503226
0.949021176523,4.12098911846,-1.68228792463
6.87280250971,4.02607072812,-5.24104734751
0.699644319951,6.55331351285,-4.08353679692
-5.86035800697,-1.84600297641,0.754776505395
1.01213684561,-4.34847897583,-7.92673110501
-4.30704298682,2.69484526848,-4.43839074842
-3.23008138964,-1.29650502787,9.36144403042
2.21726600222,2.01796551073,3.72788870805
-6.59860823633,-4.201829103,4.0544872653
-2.88446478607,4.03870945256,4.70925281037
2.91684949752,-1.02067490378,-4.28332677524
2.34580489151,4.32866164391,-5.73849398957
7.25888564905,-2.32269466307,-4.58840291477
3.9383102072,-4.71599854539,6.5798449597
3.30608882806,5.32542242889,-0.427537938708
-3.74931825421,-2.37781534573,-3.90846082126
-1.15507775942,-1.31039789034,-6.32213881894
3.18797802903,-3.52295415989,1.84338229289
1.75459975932,-0.286755797034,1.86262268906
-4.94734039588,-4.19957328226,6.71466678083
1.81639096618,-1.59795049627,4.25018181377
-3.61309178903,-1.84578165185,7.66984892784
-1.00551089764,5.13165198449,4.0325207754
3.84633540069,0.242675546772,3.46994224113
-0.81095391309,5.44786758543,5.84366091359
7.02623869097,1.22931081391,-1.40001400455
-1.84224294044,0.836971655729,-3.5474363827
-0.509255746221,-5.42417809675,4.97800839204
-2.85130240305,1.12950017446,-2.30536729333
1.51882427892,2.18621860281,5.47930008817
8.00148072497,-4.07401812214,-1.8251962286
1.45725480591,4.68313091184,7.9451919469
-3.09940042934,-0.948476550014,-5.83364280439
-2.95437408772,2.05280624085,-7.83973715463
-8.00486540406,1.06088879196,3.65398723164
6.87840439441,-4.72306585556,3.27068396495
1.28290310603,-0.604200710536,-7.68216475879
-5.86268403334,-5.11694752571,-4.60777404398
-0.73658426996,-2.15123367142,1.80060066189
2.64269596388,7.89454677246,-2.48089487153
1.59206530634,1.83996652689,9.1586964257
7.92019100142,5.26174469001,-2.67601338397
1.12732908125,0.738627047727,5.01539849513
9.45445190652,1.4164101149,-1.17018359321
1.17396318069,9.32951046384,1.01584972973
-1.59434705615,-1.51933933334,8.54285475463
1.37967315623,4.87168054476,4.69797821192
-2.24826322248,4.35252079625,1.33601970275
5.38563236223,-7.29520193599,3.81917528388
1.82965557887,3.45177525132,8.87389992068
3.05443353749,8.38629005669,3.34527359945
-4.58571097826,2.3522116639,1.35269439149
0.627591375816,5.52901741916,-4.3014027171
-6.37757371526,5.0440805462,-0.044223655246
-2.73405827567,6.10450782405,3.64337095866
-0.751814659203,0.762497533834,-1.54222121882
-6.05026099448,1.74455396205,5.40704021032
3.08535966598,-7.57231996946,-3.47147002135
-3.45784748974,5.27902868638,1.79762899353
-5.58367069019,-1.86334064763,-6.36334605858
-4.61520351049,8.01774754863,3.31470395419
-4.39442112662,0.122366042965,-5.31916272326
7.07900779667,2.14525542699,-5.41304651386
-1.54706761469,-1.15221867884,-3.02320279068
-1.17271546554,2.12898636487,-7.71724789501
-8.45773440099,0.314529421459,-2.56104202549
3.3432679078,2.93622875535,4.78430180971
1.90439099206,-5.83141111036,-5.55342634322
-5.02764625352,7.29146269837,-1.98198216011
-4.33538201819,-1.86565517056,-7.52567609315
-0.143056013171,2.15772017041,-6.62616757336
3.20054377831,-7.39499123619,-2.55605427414
1.46880607992,2.64819265619,-7.22652996647
7.06893405678,4.41251680081,-3.55346662626
-1.11608760257,-3.88582582657,-8.18698496442
-6.2880888742,1.7186295632,-6.47559729459
6.85756082354,-5.83471171409,1.72419532052
-1.36034259468,-4.31075761092,-6.79354132715
-4.53635834895,-1.96696882227,-5.8980675628
-3.55300977485,3.82368331018,-3.40377152153
-3.09613319499,-6.83630786495,4.63405362153
6.42937767572,-2.94907538185,5.10633692552
-4.98157864372,1.13408133634,-3.48173890698
-0.965923026803,-5.27115605143,5.50335023585
4.78523546044,0.36535202188,-8.17600602709
7.71932220089,-4.31708833968,3.60449931182
3.54393729599,4.00961373422,3.43990527317
2.22430656988,8.10158125916,-3.63212470563
6.25088081632,-0.40641981247,5.20218748353
2.44265492188,0.43399575149,1.49537051029
5.61162922532,-3.46153702482,2.47938706722
-8.68161349583,2.33532331981,1.00081722715
2.95722325058,8.26978236058,0.845797265825
2.32298990186,-5.84883317783,-2.41669810411
0.720426020002,7.89508575254,-4.52246535393
3.41197185879,-0.357592726661,-3.51324915754
0.384511850571,1.73208413941,1.19246985607
-9.10182131298,-0.722232033581,1.87149314208
1.72557745227,5.36641485436,3.91968276223
-1.91945882719,1.37340784356,-4.74775549034
1.81292389034,3.70318792015,-3.02707131505
-4.65871972122,2.2823070405,8.0323841015
-4.32324779138,-1.58258048111,-1.06952566563
-4.20532301549,6.22523039909,-1.383779437
-0.11315186329,-5.86558686644,2.50349118637
-1.08826056639,6.28871579273,4.01096273539
1.17780023465,3.25027443511,-8.35718258551
-6.24557813796,-2.94311542244,-0.16932960837
-1.21562247991,2.31211210991,7.81193089885
5.91906607173,4.04073759366,-3.89861958304
-0.389094907567,-2.28129849122,-0.541769250652
-5.36618247567,-4.87445981955,-3.38077440136
8.37538172876,2.39968527107,-1.66892409815
6.93752886287,-3.03792275163,-2.5455759572
-1.32106069828,6.68667960877,6.3717894703
-5.89315622426,-2.38513256639,-5.89600182458
-6.12430938635,-0.0396511845449,-0.254291018059
-1.91342526367,-6.87573579064,-1.84833480562
-6.44417063854,2.24413604704,-0.218103033679
-6.20027427518,2.96766073587,-3.11936528757
-0.388946670662,-3.09048736224,9.01435943592
-7.32591122888,4.03339470481,5.12453888194
-4.48975123061,-0.493530802256,0.414629424763
-2.35808284354,5.87180822662,-0.22145822022
4.3036386195,5.05218542539,1.06019094646
-1.03022614892,9.42481017944,-2.01774186271
5.02695335154,-0.671914452642,-5.17132729948
-3.68094533346,-0.736109353148,-5.0996046015
3.87863804344,-2.12765657184,4.27579628188
-5.05711606352,1.20701338453,-3.70502285737
0.696733090436,8.10017326369,5.66070127079
8.94291877578,-4.36764778933,0.878596989736
-3.43792491941,-5.17613171495,7.77939848974
6.44676873963,-5.11773884125,-1.07038730783
2.18265131673,-4.44110211241,-7.37241243983
5.56523812264,-5.60286934493,-5.69280528585
-2.16105481914,4.91139666356,6.02093981871
-1.51054011436,-2.09636994456,-3.20065938729
0.754387248558,-2.45366490422,1.83221498338
0.365844437597,-1.34812964081,0.321498057497
-6.01917411834,-4.62337428693,0.474110200311
5.62499039622,4.19706274842,-3.28779007253
7.01969621028,1.42388587299,4.97640415411
0.921811989328,-4.41518429759,0.467504311386
-8.68339520452,2.75127997023,2.04986436853
-6.58893408936,-4.96900649261,3.6548055812
8.12516320456,-2.55492637608,-0.826491011794
1.26338361353,7.05005766856,-5.05776216735
-2.07871578273,-6.40945911039,5.59408412919
-2.10591665413,1.19380224734,-6.17010199177
4.73147605661,-4.21166947088,0.899789424605
-3.7829431733,-5.10319243285,-6.00417790316
1.88171767477,-6.73431973851,3.80704440857
2.75254540729,-9.52695040394,-1.12694928425
2.65546605912,-3.84092994544,5.2476732306
5.42215195863,3.20298186486,2.55823023302
-2.49466312642,0.336791669714,5.45990694122
2.90753569102,3.69457465549,-7.17898945614
-9.88854009383,-1.13741028164,0.425816307692
6.61445016756,3.49619033374,0.0921009545545
5.9758576188,0.217366647443,-7.43336784128
2.85857156621,-2.55448981388,-1.53832922035
-0.79616421803,0.702078293328,9.78196383678
-7.9428212862,-1.80210961091,1.77591942114
-0.341652707039,-4.20756203341,-5.71803647187
5.60722451805,-4.56660344409,-2.83348216251
-3.3313303652,-3.83505365369,-3.00391140643
-8.10405386881,5.13061384998,-1.20114643957
-2.05432444818,-5.42219861717,3.03093820387
-4.44471771136,7.28227096274,-4.63337859159
-0.454817221907,6.86550584484,3.2172172885
1.68132534732,-3.03546704917,2.49390660318
-6.68223672072,-3.90405401197,-2.27599389398
-4.88595122624,-2.57755317939,4.93462491008
9.3712850551,-1.75905491641,2.86938108493
-0.346908581493,-2.3811131867,7.69921794976
-0.785484035913,3.82315123544,8.08959435028
0.0496551639017,5.36403818345,-2.06009952321
0.0850155188616,-6.39770443736,-3.77975310085
1.42030544528,-1.08998925248,-3.0039868761
4.14674147201,3.12354899308,5.32225642375
8.13382617441,3.7137354215,-2.91335779014
0.162886081856,-7.48433506193,5.70494432788
-0.182497160238,-2.26741207645,3.00729756634
2.74017985398,-6.25559838542,-3.92364793711
1.04390715121,8.09783680708,2.69272784678
4.20734766586,-7.31344554988,-0.60372919271
-3.6508969622,6.63955018541,-3.23562817545
-6.1750594733,-2.25282480847,-5.72782075538
0.0808540346875,0.0281263480975,-2.14562360673
4.67547215579,5.20021958202,-6.74334681185
-1.49750201101,2.3962388903,-9.26306117618
0.448587632288,-0.16722007131,6.19470144282
-6.83741795099,-1.67794585548,-4.03116350067
-8.3871272041,-3.256926451,1.23192096878
-4.26150075977,-6.01295064412,-2.56318914554
2.59080862736,4.62568275714,6.58170750104
4.32645000927,-0.227479187409,-3.37875579857
-1.81221400931,2.97105388049,7.48198831344
-0.971461484245,-0.849787711472,-8.45072626802
8.51519059406,-3.63999100811,0.587273466142
-6.29362496885,-0.623562881852,-5.83976238477
1.10101614686,7.64094887483,5.90117544304
-0.272846621605,6.24950025327,-6.21921259468
2.36544889535,1.77792649342,1.21556985019
8.5658309179,-4.12985523715,2.82881888502
3.4704449482,3.67884258058,-7.64520474243
2.52485035127,1.2982882953,-2.1970680744
1.05863889313,-6.76623735085,-5.94685601932
0.339877988396,4.49688081601,5.57297823993
7.37320056848,-5.15010215106,-2.37757510156
0.581428883971,-1.39779937109,7.86037742595
-7.33487614086,-2.348979727,1.12461459775
0.347579677183,7.00008381018,0.183669613639
-2.83261886087,-2.85951730491,6.2621409991
-4.06736920496,-3.82163738788,7.84483582996
-2.39056667912,-7.0330901171,3.77844364407
6.46296119628,-2.71869842779,-3.37896001447
-5.71254459873,1.82947668263,-1.14777723895
-0.102525230059,-4.96605049997,6.68032412471
-0.530311320239,-2.72885676474,-8.41509552641
0.559311534811,-1.46412105213,7.86531575332
-6.81657679936,-3.81047267494,5.00136013912
2.7339031217,-7.58190249035,5.28404935094
7.05917075519,-1.10473607894,6.09122729917
4.77287794793,-7.76171188839,-3.27340386258
-6.73455659998,-6.01791238744,2.24086248284
-5.19455371557,1.54684685564,4.76602186663
-1.14815425112,8.50114887857,1.26406474614
-2.56444003867,-5.00779585765,1.68548268897
0.66427556163,3.13119537717,4.3602689808
-5.97682029763,-7.43397633372,2.865873557
-2.12263945748,3.82159676119,7.42808789679
5.85167361031,0.864590081738,7.4739892308
-7.46987486393,-3.86498767147,0.953290085506
1.9119690916,8.828631896,0.578442417695
2.72663692246,-5.35609429414,-1.60120090067
-4.1355445332,2.66504379478,-1.85853047069
1.45690331107,-1.59737962266,-9.51707117119
-0.942739810716,7.15140113431,5.74073688914
2.03883487891,2.25710508848,-1.04469971711
-0.669139609687,-2.37154574667,2.90656936161
1.93450182217,4.01116007873,-5.28901655881
1.57161723977,-4.89783125375,-3.52760748542
-2.7897996136,-2.26324575989,-4.02615973468
-2.23360154059,-2.74004968148,-6.0905778263
-1.05557428841,2.1397016518,-8.24112117982
4.66679377797,-8.28122057706,2.43640172462
-3.94972419605,-9.11733711283,0.36126148116
-1.06238680679,6.55916505898,4.94012420143
-2.42443364102,-4.80492410232,0.939645429463
3.14150695619,-8.84624492827,0.468715274161
4.04530626064,-0.710781920777,1.06644573423
-4.55163846077,-6.11078339014,1.33328563611
1.09722132017,7.56079754107,1.69035447212
-2.92629732186,6.17813969486,-4.8822793461
-4.06827073431,-1.02734697489,1.38972990747
-1.1884465341,-0.554343606821,5.7496310049
-4.8950096611,7.01214933664,-3.55430072267
1.97037943958,4.45618914775,-1.96589113793
-1.44973539061,-1.0434551895,-3.58379676855
-5.87997433237,-3.57970908024,5.86038402356
0.797982843415,3.19702965188,-6.51426738707
-2.99298621834,1.4107699442,-8.59511769843
1.7152876508,0.843107654245,-4.76656222824
-3.83503587703,4.67540225122,-7.53278047405
-1.50257094268,-0.302532675772,0.93274304603
0.929649433794,1.60031691511,7.34309679413
3.50859988252,0.447185872722,-8.15068355607
-1.47794668676,7.04845606533,-1.50836713703
0.0508008694149,-3.54755877753,0.139663110698
-0.306587924398,-1.32824319618,-5.82188712033
8.03942084251,-4.76006268194,-2.1611216242
1.08517587875,4.39486781905,-5.67730690754
-7.75776666328,-5.1497239478,-1.70428794683
2.58713232345,-4.15395902274,-5.89109140525
7.33076297911,6.02263116976,-0.215247500905
-4.07017222343,-8.33474447736,-2.29796776592
-0.624007474725,-3.45408343997,-0.491854085847
0.109960612556,8.93157272282,2.30687318777
1.45265595015,1.68236631043,6.09299954602
-6.45510379901,-3.06796528008,-0.326020460351
-5.38900519133,1.38308008799,-7.62131940721
-0.933945876477,-6.20410525634,-2.69262389891
3.36043613697,8.64230182191,-3.57246133896
4.84643260595,-4.98039900597,-4.35453346513
-1.44741905346,2.85127176507,-5.64376193057
-0.0123890531915,0.359154526393,-3.94346621773
5.46953864202,-6.04616650775,5.48575082796
0.834513684219,1.35429800566,-1.51070003927
4.076833124,-1.11318806068,0.657867177573
1.72642266001,1.77900528014,2.33967602584
-4.94292720721,-6.06210585936,3.32692825565
3.53350070023,-1.05430777467,-4.12026367784
-7.30821687618,4.04284397197,1.94947590753
-0.577100815329,2.50452579558,0.897192907893
3.67057528037,-7.58050512932,-0.544884606932
3.26404332561,-5.48516987824,-4.21332316151
-1.8072736754,1.80398019203,8.17941360281
4.53532526766,-3.33528054014,-6.36874191793
0.332873556658,7.61641401978,-2.26884917343
-2.594411108,-5.17114654276,3.97998407745
-5.21969068618,2.78536113224,3.73284770311
6.62618645336,2.38056705576,-0.184870061484
-3.01537343288,2.21227868243,-6.05111292499
-7.52305016438,5.72089671672,2.904147637
-3.1484229376,-7.68040149557,-2.97639701785
-7.6799866422,0.0953648173849,2.18484046146
4.80851668998,-5.44458050842,-6.52472567187
-2.87459711275,-4.15396649692,6.38310465535
-5.09901404886,0.481281892342,5.55291394321
-1.91158720314,-1.54986792321,-8.39136498239
5.8271643586,-4.67402154045,-3.35811127075
-3.49831801558,0.576121294671,-7.29847920834
-5.23210210577,4.9678476578,-4.05214470921
6.37586876251,-1.19522816472,1.9724312665
-3.9982333078,7.72148772271,0.902963220167
-6.67699756641,5.82509683074,2.27725795476
3.90388588559,-6.11123350597,0.911548693754
2.40673779293,6.30402983469,-4.33130870229
4.89661999751,-3.37838263048,-6.89827927432
-4.8713937715,0.0040714042702,3.25988523734
6.11653154158,-3.79333774321,4.69318644151
8.7596125643,-0.0525552897821,-1.8189597835
0.982344883465,-4.73738447423,-6.73102201983
3.09673997301,2.68147450589,-1.98768518415
7.26591364478,-0.244159340006,1.26034445705
1.89487024159,2.96467371724,-2.91851956916
-0.597072160069,-2.87306559996,-4.99721490298
-4.50262634111,-5.01174917734,4.03620328783
6.44192863134,1.23498342085,-7.01055635067
-2.17743708023,-0.603495056192,-7.87648634438
-5.92706875286,-4.16884650024,4.32340770958
-5.11521803645,-8.2351777893,-2.39582535234
1.08848532785,-4.60794242883,-8.32322165255
-2.22294136711,-4.50105862249,8.60402119069
-2.08815732949,-3.068248668,-1.096550064
-5.22166244846,4.66804520752,-0.620237470466
-4.39692551184,-2.16642161717,1.60860227847
-4.55958764098,2.4028434646,0.684618253162
-6.83681830745,-5.45905178772,-2.63166767877
-8.44473359813,3.79153197727,1.40695979058
-2.32986303125,-1.62782747439,2.49586127011
2.16996180956,-1.67623199105,1.32713229396
1.98244476734,-4.45942213265,6.45999013237
6.02115868211,5.61492626749,1.07800800751
-4.96741564911,5.47782409137,6.61273170406
-2.97670976735,-0.866384061156,-4.65009044816
6.26834860984,4.45498398529,3.0672182342
0.276084128177,9.22768882134,-2.83042126207
-3.3969329841,-6.02896855454,6.87818983452
0.239978319914,9.06183786867,2.05802370551
-3.85010528121,4.99123486784,-1.91530087032
0.290502190811,-5.24366639186,8.1693551814
3.21804644817,0.0124274899415,-4.91759262448
2.70632762369,7.60691381411,-0.899936783564
0.0816011459428,5.63329569515,2.50830223733
0.346430154502,7.70160430353,-0.74746478141
-3.0900802518,6.2040928054,1.0209133708
0.912159858211,4.50559362724,2.79962293704
1.95654047719,3.28313093857,-6.66547189071
7.1219995601,-3.76160477224,-1.88762000109
5.4659705367,0.727697809756,-4.5116710189
4.91992287303,2.79726444032,-7.76748690768
3.16629494604,7.56057160738,-3.54766753489
2.21925144062,4.47236727987,-6.88929549626
5.88835988211,-5.14727366327,0.00186771361157
6.42380340618,4.94437754851,3.48624401214
-2.48169027738,2.72541245173,1.33533253815
-9.08843937668,-1.7584015753,2.21316420313
-0.635089123127,-5.40558255274,1.59105385259
3.58713960345,-1.13943063126,2.46596451238
5.79863788645,-5.48253225222,4.74416186886
